id,lower_bound,upper_bound
10,3.0,88.56
11,88.56,158.74
12,158.74,178.48999999999998
13,178.48999999999998,225.6
14,225.6,276.25
15,276.25,371.85999999999996
16,371.85999999999996,484.2699999999999
17,484.2699999999999,677.24
18,677.24,1270.87
19,1270.87,6007.2
