id,lower_bound,upper_bound
40,0.0,1.0
41,1.0,4.0
42,4.0,9.699999999999996
43,9.699999999999996,13.0
44,13.0,19.0
45,19.0,24.39999999999999
46,24.39999999999999,32.599999999999994
47,32.599999999999994,53.0
48,53.0,90.59999999999997
49,90.59999999999997,275.0
