id,lower_bound,upper_bound
50,0.0,2.0
51,2.0,4.800000000000001
52,4.800000000000001,8.699999999999996
53,8.699999999999996,11.600000000000001
54,11.600000000000001,17.0
55,17.0,24.199999999999974
56,24.199999999999974,39.0
57,39.0,53.2
58,53.2,96.19999999999999
59,96.19999999999999,228.0
