id,lower_bound,upper_bound
60,0.0,1.0
61,1.0,4.800000000000001
62,4.800000000000001,11.0
63,11.0,18.6
64,18.6,26.0
65,26.0,36.0
66,36.0,53.0
67,53.0,83.60000000000001
68,83.60000000000001,158.2
69,158.2,1218.0
