id,lower_bound,upper_bound
60,0.0,0.9000000000000004
61,0.9000000000000004,3.8000000000000007
62,3.8000000000000007,7.699999999999999
63,7.699999999999999,15.600000000000001
64,15.600000000000001,21.5
65,21.5,29.4
66,29.4,42.599999999999966
67,42.599999999999966,72.60000000000004
68,72.60000000000004,166.5000000000001
69,166.5000000000001,1218.0
