id,lower_bound,upper_bound
40,0.0,1.0
41,1.0,3.0
42,3.0,8.7
43,8.7,11.0
44,11.0,17.5
45,17.5,22.4
46,22.4,29.299999999999997
47,29.299999999999997,54.400000000000006
48,54.400000000000006,88.00000000000009
49,88.00000000000009,275.0
