id,lower_bound,upper_bound
70,0.0,0.0
71,0.0,2.0
72,2.0,4.0
73,4.0,6.600000000000001
74,6.600000000000001,9.5
75,9.5,11.399999999999999
76,11.399999999999999,17.299999999999997
77,17.299999999999997,24.200000000000003
78,24.200000000000003,38.10000000000001
79,38.10000000000001,226.0
