id,lower_bound,upper_bound
30,0.0,1.0
31,1.0,4.0
32,4.0,9.0
33,9.0,13.0
34,13.0,22.5
35,22.5,43.8
36,43.8,66.3
37,66.3,121.80000000000004
38,121.80000000000004,324.4000000000001
39,324.4000000000001,1941.0
