id,lower_bound,upper_bound
30,0.0,2.0
31,2.0,6.0
32,6.0,11.0
33,11.0,16.6
34,16.6,24.0
35,24.0,45.79999999999998
36,45.79999999999998,64.3
37,64.3,109.80000000000001
38,109.80000000000001,299.59999999999985
39,299.59999999999985,1941.0
