id,lower_bound,upper_bound
70,0.0,1.0
71,1.0,2.0
72,2.0,4.0
73,4.0,6.0
74,6.0,9.0
75,9.0,11.399999999999991
76,11.399999999999991,16.299999999999997
77,16.299999999999997,24.200000000000003
78,24.200000000000003,38.099999999999994
79,38.099999999999994,226.0
