id,lower_bound,upper_bound
20,0.0,1.0
21,1.0,5.800000000000001
22,5.800000000000001,10.0
23,10.0,12.600000000000001
24,12.600000000000001,18.0
25,18.0,28.4
26,28.4,39.3
27,39.3,55.400000000000006
28,55.400000000000006,111.00000000000017
29,111.00000000000017,653.0
