id,lower_bound,upper_bound
10,3.0,77.99000000000001
11,77.99000000000001,150.08
12,150.08,175.54999999999998
13,175.54999999999998,207.84
14,207.84,276.25
15,276.25,369.06
16,369.06,487.1499999999999
17,487.1499999999999,698.6400000000001
18,698.6400000000001,1300.3100000000009
19,1300.3100000000009,6007.2
