id,lower_bound,upper_bound
50,0.0,2.0
51,2.0,4.0
52,4.0,7.0
53,7.0,11.0
54,11.0,17.0
55,17.0,23.0
56,23.0,36.89999999999999
57,36.89999999999999,54.400000000000006
58,54.400000000000006,90.60000000000005
59,90.60000000000005,228.0
