id,lower_bound,upper_bound
20,0.0,1.0
21,1.0,5.0
22,5.0,10.0
23,10.0,14.0
24,14.0,20.0
25,20.0,26.0
26,26.0,35.0
27,35.0,48.0
28,48.0,72.09999999999991
29,72.09999999999991,756.0
