id,lower_bound,upper_bound
70,0.0,1.0
71,1.0,3.0
72,3.0,5.0
73,5.0,7.0
74,7.0,9.0
75,9.0,12.0
76,12.0,15.0
77,15.0,19.0
78,19.0,29.09999999999991
79,29.09999999999991,1098.0
