id,lower_bound,upper_bound
10,0.1,94.27
11,94.27,149.48
12,149.48,193.33999999999997
13,193.33999999999997,249.36
14,249.36,315.25
15,315.25,378.44
16,378.44,467.43
17,467.43,580.4200000000001
18,580.4200000000001,823.9599999999997
19,823.9599999999997,13465.2
