id,lower_bound,upper_bound
50,0.0,2.0
51,2.0,5.0
52,5.0,8.0
53,8.0,12.0
54,12.0,17.0
55,17.0,25.0
56,25.0,39.299999999999955
57,39.299999999999955,55.0
58,55.0,79.0
59,79.0,2224.0
